<?xml version="1.0" encoding="utf-8"?>
<ArrayOfStartupLocation xmlns:xsi="http://www.w3.org/2001/XMLSchema-instance" xmlns:xsd="http://www.w3.org/2001/XMLSchema">
  <StartupLocation>
    <LastTimeRowUpdated>2014-12-28T15:22:07.0467129Z</LastTimeRowUpdated>
    <XPos>95638</XPos>
    <YPos>101322</YPos>
    <ZPos>5340</ZPos>
    <Heading>998</Heading>
    <Region>27</Region>
    <MinVersion>0</MinVersion>
    <RealmID>1</RealmID>
    <RaceID>0</RaceID>
    <ClassID>0</ClassID>
    <ClientRegionID>27</ClientRegionID>
  </StartupLocation>
  <StartupLocation>
    <LastTimeRowUpdated>2014-12-28T15:22:07.0567135Z</LastTimeRowUpdated>
    <XPos>226716</XPos>
    <YPos>232385</YPos>
    <ZPos>5340</ZPos>
    <Heading>1024</Heading>
    <Region>27</Region>
    <MinVersion>0</MinVersion>
    <RealmID>2</RealmID>
    <RaceID>0</RaceID>
    <ClassID>0</ClassID>
    <ClientRegionID>27</ClientRegionID>
  </StartupLocation>
  <StartupLocation>
    <LastTimeRowUpdated>2014-12-28T15:22:07.0567135Z</LastTimeRowUpdated>
    <XPos>357788</XPos>
    <YPos>363457</YPos>
    <ZPos>5340</ZPos>
    <Heading>1024</Heading>
    <Region>27</Region>
    <MinVersion>0</MinVersion>
    <RealmID>3</RealmID>
    <RaceID>0</RaceID>
    <ClassID>0</ClassID>
    <ClientRegionID>27</ClientRegionID>
  </StartupLocation>
  <StartupLocation>
    <LastTimeRowUpdated>2014-12-28T15:22:07.0567135Z</LastTimeRowUpdated>
    <XPos>562418</XPos>
    <YPos>512268</YPos>
    <ZPos>2500</ZPos>
    <Heading>2980</Heading>
    <Region>1</Region>
    <MinVersion>0</MinVersion>
    <RealmID>1</RealmID>
    <RaceID>0</RaceID>
    <ClassID>0</ClassID>
    <ClientRegionID>0</ClientRegionID>
  </StartupLocation>
  <StartupLocation>
    <LastTimeRowUpdated>2014-12-28T15:22:07.0567135Z</LastTimeRowUpdated>
    <XPos>802869</XPos>
    <YPos>726016</YPos>
    <ZPos>4699</ZPos>
    <Heading>1399</Heading>
    <Region>100</Region>
    <MinVersion>0</MinVersion>
    <RealmID>2</RealmID>
    <RaceID>0</RaceID>
    <ClassID>0</ClassID>
    <ClientRegionID>0</ClientRegionID>
  </StartupLocation>
  <StartupLocation>
    <LastTimeRowUpdated>2014-12-28T15:22:07.0567135Z</LastTimeRowUpdated>
    <XPos>347279</XPos>
    <YPos>489681</YPos>
    <ZPos>5200</ZPos>
    <Heading>2332</Heading>
    <Region>200</Region>
    <MinVersion>0</MinVersion>
    <RealmID>3</RealmID>
    <RaceID>0</RaceID>
    <ClassID>0</ClassID>
    <ClientRegionID>0</ClientRegionID>
  </StartupLocation>
  <StartupLocation>
    <LastTimeRowUpdated>2014-12-28T15:22:07.0567135Z</LastTimeRowUpdated>
    <XPos>574839</XPos>
    <YPos>530164</YPos>
    <ZPos>2896</ZPos>
    <Heading>3367</Heading>
    <Region>1</Region>
    <MinVersion>168</MinVersion>
    <RealmID>0</RealmID>
    <RaceID>1</RaceID>
    <ClassID>16</ClassID>
    <ClientRegionID>0</ClientRegionID>
  </StartupLocation>
  <StartupLocation>
    <LastTimeRowUpdated>2014-12-28T15:22:07.0567135Z</LastTimeRowUpdated>
    <XPos>559350</XPos>
    <YPos>511207</YPos>
    <ZPos>2488</ZPos>
    <Heading>261</Heading>
    <Region>1</Region>
    <MinVersion>168</MinVersion>
    <RealmID>0</RealmID>
    <RaceID>1</RaceID>
    <ClassID>17</ClassID>
    <ClientRegionID>0</ClientRegionID>
  </StartupLocation>
  <StartupLocation>
    <LastTimeRowUpdated>2014-12-28T15:22:07.0567135Z</LastTimeRowUpdated>
    <XPos>561318</XPos>
    <YPos>512042</YPos>
    <ZPos>2448</ZPos>
    <Heading>3584</Heading>
    <Region>1</Region>
    <MinVersion>168</MinVersion>
    <RealmID>0</RealmID>
    <RaceID>1</RaceID>
    <ClassID>15</ClassID>
    <ClientRegionID>0</ClientRegionID>
  </StartupLocation>
  <StartupLocation>
    <LastTimeRowUpdated>2014-12-28T15:22:07.0577135Z</LastTimeRowUpdated>
    <XPos>574183</XPos>
    <YPos>530149</YPos>
    <ZPos>2896</ZPos>
    <Heading>238</Heading>
    <Region>1</Region>
    <MinVersion>168</MinVersion>
    <RealmID>0</RealmID>
    <RaceID>1</RaceID>
    <ClassID>14</ClassID>
    <ClientRegionID>0</ClientRegionID>
  </StartupLocation>
  <StartupLocation>
    <LastTimeRowUpdated>2014-12-28T15:22:07.0577135Z</LastTimeRowUpdated>
    <XPos>473146</XPos>
    <YPos>628475</YPos>
    <ZPos>2384</ZPos>
    <Heading>4027</Heading>
    <Region>1</Region>
    <MinVersion>168</MinVersion>
    <RealmID>0</RealmID>
    <RaceID>1</RaceID>
    <ClassID>18</ClassID>
    <ClientRegionID>0</ClientRegionID>
  </StartupLocation>
  <StartupLocation>
    <LastTimeRowUpdated>2014-12-28T15:22:07.0577135Z</LastTimeRowUpdated>
    <XPos>473428</XPos>
    <YPos>628027</YPos>
    <ZPos>2048</ZPos>
    <Heading>3163</Heading>
    <Region>1</Region>
    <MinVersion>168</MinVersion>
    <RealmID>0</RealmID>
    <RaceID>2</RaceID>
    <ClassID>16</ClassID>
    <ClientRegionID>0</ClientRegionID>
  </StartupLocation>
  <StartupLocation>
    <LastTimeRowUpdated>2014-12-28T15:22:07.0577135Z</LastTimeRowUpdated>
    <XPos>497519</XPos>
    <YPos>587623</YPos>
    <ZPos>2308</ZPos>
    <Heading>2355</Heading>
    <Region>1</Region>
    <MinVersion>168</MinVersion>
    <RealmID>0</RealmID>
    <RaceID>2</RaceID>
    <ClassID>15</ClassID>
    <ClientRegionID>0</ClientRegionID>
  </StartupLocation>
  <StartupLocation>
    <LastTimeRowUpdated>2014-12-28T15:22:07.0577135Z</LastTimeRowUpdated>
    <XPos>473012</XPos>
    <YPos>628294</YPos>
    <ZPos>2048</ZPos>
    <Heading>887</Heading>
    <Region>1</Region>
    <MinVersion>168</MinVersion>
    <RealmID>0</RealmID>
    <RaceID>2</RaceID>
    <ClassID>14</ClassID>
    <ClientRegionID>0</ClientRegionID>
  </StartupLocation>
  <StartupLocation>
    <LastTimeRowUpdated>2014-12-28T15:22:07.0577135Z</LastTimeRowUpdated>
    <XPos>497569</XPos>
    <YPos>587800</YPos>
    <ZPos>2308</ZPos>
    <Heading>3993</Heading>
    <Region>1</Region>
    <MinVersion>168</MinVersion>
    <RealmID>0</RealmID>
    <RaceID>2</RaceID>
    <ClassID>18</ClassID>
    <ClientRegionID>0</ClientRegionID>
  </StartupLocation>
  <StartupLocation>
    <LastTimeRowUpdated>2014-12-28T15:22:07.0577135Z</LastTimeRowUpdated>
    <XPos>503613</XPos>
    <YPos>474832</YPos>
    <ZPos>2828</ZPos>
    <Heading>3822</Heading>
    <Region>1</Region>
    <MinVersion>168</MinVersion>
    <RealmID>0</RealmID>
    <RaceID>3</RaceID>
    <ClassID>16</ClassID>
    <ClientRegionID>0</ClientRegionID>
  </StartupLocation>
  <StartupLocation>
    <LastTimeRowUpdated>2014-12-28T15:22:07.0577135Z</LastTimeRowUpdated>
    <XPos>530615</XPos>
    <YPos>480761</YPos>
    <ZPos>2200</ZPos>
    <Heading>2184</Heading>
    <Region>1</Region>
    <MinVersion>168</MinVersion>
    <RealmID>0</RealmID>
    <RaceID>3</RaceID>
    <ClassID>17</ClassID>
    <ClientRegionID>0</ClientRegionID>
  </StartupLocation>
  <StartupLocation>
    <LastTimeRowUpdated>2014-12-28T15:22:07.0577135Z</LastTimeRowUpdated>
    <XPos>508211</XPos>
    <YPos>476522</YPos>
    <ZPos>2284</ZPos>
    <Heading>2025</Heading>
    <Region>1</Region>
    <MinVersion>168</MinVersion>
    <RealmID>0</RealmID>
    <RaceID>3</RaceID>
    <ClassID>14</ClassID>
    <ClientRegionID>0</ClientRegionID>
  </StartupLocation>
  <StartupLocation>
    <LastTimeRowUpdated>2014-12-28T15:22:07.0577135Z</LastTimeRowUpdated>
    <XPos>493424</XPos>
    <YPos>592698</YPos>
    <ZPos>1948</ZPos>
    <Heading>1012</Heading>
    <Region>1</Region>
    <MinVersion>168</MinVersion>
    <RealmID>0</RealmID>
    <RaceID>4</RaceID>
    <ClassID>17</ClassID>
    <ClientRegionID>0</ClientRegionID>
  </StartupLocation>
  <StartupLocation>
    <LastTimeRowUpdated>2014-12-28T15:22:07.0577135Z</LastTimeRowUpdated>
    <XPos>493505</XPos>
    <YPos>592778</YPos>
    <ZPos>1948</ZPos>
    <Heading>352</Heading>
    <Region>1</Region>
    <MinVersion>168</MinVersion>
    <RealmID>0</RealmID>
    <RaceID>4</RaceID>
    <ClassID>14</ClassID>
    <ClientRegionID>0</ClientRegionID>
  </StartupLocation>
  <StartupLocation>
    <LastTimeRowUpdated>2014-12-28T15:22:07.0577135Z</LastTimeRowUpdated>
    <XPos>530976</XPos>
    <YPos>480229</YPos>
    <ZPos>2200</ZPos>
    <Heading>1115</Heading>
    <Region>1</Region>
    <MinVersion>168</MinVersion>
    <RealmID>0</RealmID>
    <RaceID>4</RaceID>
    <ClassID>18</ClassID>
    <ClientRegionID>0</ClientRegionID>
  </StartupLocation>
  <StartupLocation>
    <LastTimeRowUpdated>2014-12-28T15:22:07.0577135Z</LastTimeRowUpdated>
    <XPos>774202</XPos>
    <YPos>757158</YPos>
    <ZPos>4600</ZPos>
    <Heading>1149</Heading>
    <Region>100</Region>
    <MinVersion>168</MinVersion>
    <RealmID>0</RealmID>
    <RaceID>5</RaceID>
    <ClassID>38</ClassID>
    <ClientRegionID>0</ClientRegionID>
  </StartupLocation>
  <StartupLocation>
    <LastTimeRowUpdated>2014-12-28T15:22:07.0577135Z</LastTimeRowUpdated>
    <XPos>775478</XPos>
    <YPos>753906</YPos>
    <ZPos>4600</ZPos>
    <Heading>2833</Heading>
    <Region>100</Region>
    <MinVersion>168</MinVersion>
    <RealmID>0</RealmID>
    <RaceID>5</RaceID>
    <ClassID>36</ClassID>
    <ClientRegionID>0</ClientRegionID>
  </StartupLocation>
  <StartupLocation>
    <LastTimeRowUpdated>2014-12-28T15:22:07.0577135Z</LastTimeRowUpdated>
    <XPos>748436</XPos>
    <YPos>815916</YPos>
    <ZPos>4408</ZPos>
    <Heading>659</Heading>
    <Region>100</Region>
    <MinVersion>168</MinVersion>
    <RealmID>0</RealmID>
    <RaceID>5</RaceID>
    <ClassID>37</ClassID>
    <ClientRegionID>0</ClientRegionID>
  </StartupLocation>
  <StartupLocation>
    <LastTimeRowUpdated>2014-12-28T15:22:07.0577135Z</LastTimeRowUpdated>
    <XPos>774699</XPos>
    <YPos>753755</YPos>
    <ZPos>4600</ZPos>
    <Heading>2332</Heading>
    <Region>100</Region>
    <MinVersion>168</MinVersion>
    <RealmID>0</RealmID>
    <RaceID>5</RaceID>
    <ClassID>35</ClassID>
    <ClientRegionID>0</ClientRegionID>
  </StartupLocation>
  <StartupLocation>
    <LastTimeRowUpdated>2014-12-28T15:22:07.0577135Z</LastTimeRowUpdated>
    <XPos>775478</XPos>
    <YPos>753906</YPos>
    <ZPos>4600</ZPos>
    <Heading>2833</Heading>
    <Region>100</Region>
    <MinVersion>168</MinVersion>
    <RealmID>0</RealmID>
    <RaceID>6</RaceID>
    <ClassID>36</ClassID>
    <ClientRegionID>0</ClientRegionID>
  </StartupLocation>
  <StartupLocation>
    <LastTimeRowUpdated>2014-12-28T15:22:07.0577135Z</LastTimeRowUpdated>
    <XPos>797844</XPos>
    <YPos>892742</YPos>
    <ZPos>4744</ZPos>
    <Heading>2082</Heading>
    <Region>100</Region>
    <MinVersion>168</MinVersion>
    <RealmID>0</RealmID>
    <RaceID>6</RaceID>
    <ClassID>37</ClassID>
    <ClientRegionID>0</ClientRegionID>
  </StartupLocation>
  <StartupLocation>
    <LastTimeRowUpdated>2014-12-28T15:22:07.0577135Z</LastTimeRowUpdated>
    <XPos>797599</XPos>
    <YPos>893738</YPos>
    <ZPos>4744</ZPos>
    <Heading>3447</Heading>
    <Region>100</Region>
    <MinVersion>168</MinVersion>
    <RealmID>0</RealmID>
    <RaceID>6</RaceID>
    <ClassID>35</ClassID>
    <ClientRegionID>0</ClientRegionID>
  </StartupLocation>
  <StartupLocation>
    <LastTimeRowUpdated>2014-12-28T15:22:07.0577135Z</LastTimeRowUpdated>
    <XPos>805839</XPos>
    <YPos>701881</YPos>
    <ZPos>4960</ZPos>
    <Heading>45</Heading>
    <Region>100</Region>
    <MinVersion>168</MinVersion>
    <RealmID>0</RealmID>
    <RaceID>7</RaceID>
    <ClassID>38</ClassID>
    <ClientRegionID>0</ClientRegionID>
  </StartupLocation>
  <StartupLocation>
    <LastTimeRowUpdated>2014-12-28T15:22:07.0577135Z</LastTimeRowUpdated>
    <XPos>803274</XPos>
    <YPos>727037</YPos>
    <ZPos>4681</ZPos>
    <Heading>1831</Heading>
    <Region>100</Region>
    <MinVersion>168</MinVersion>
    <RealmID>0</RealmID>
    <RaceID>7</RaceID>
    <ClassID>36</ClassID>
    <ClientRegionID>0</ClientRegionID>
  </StartupLocation>
  <StartupLocation>
    <LastTimeRowUpdated>2014-12-28T15:22:07.0577135Z</LastTimeRowUpdated>
    <XPos>773634</XPos>
    <YPos>755409</YPos>
    <ZPos>4600</ZPos>
    <Heading>2104</Heading>
    <Region>100</Region>
    <MinVersion>168</MinVersion>
    <RealmID>0</RealmID>
    <RaceID>7</RaceID>
    <ClassID>37</ClassID>
    <ClientRegionID>0</ClientRegionID>
  </StartupLocation>
  <StartupLocation>
    <LastTimeRowUpdated>2014-12-28T15:22:07.0577135Z</LastTimeRowUpdated>
    <XPos>806033</XPos>
    <YPos>724323</YPos>
    <ZPos>4680</ZPos>
    <Heading>1900</Heading>
    <Region>100</Region>
    <MinVersion>168</MinVersion>
    <RealmID>0</RealmID>
    <RaceID>7</RaceID>
    <ClassID>35</ClassID>
    <ClientRegionID>0</ClientRegionID>
  </StartupLocation>
  <StartupLocation>
    <LastTimeRowUpdated>2014-12-28T15:22:07.0577135Z</LastTimeRowUpdated>
    <XPos>748772</XPos>
    <YPos>816389</YPos>
    <ZPos>4408</ZPos>
    <Heading>978</Heading>
    <Region>100</Region>
    <MinVersion>168</MinVersion>
    <RealmID>0</RealmID>
    <RaceID>8</RaceID>
    <ClassID>38</ClassID>
    <ClientRegionID>0</ClientRegionID>
  </StartupLocation>
  <StartupLocation>
    <LastTimeRowUpdated>2014-12-28T15:22:07.0577135Z</LastTimeRowUpdated>
    <XPos>748990</XPos>
    <YPos>814742</YPos>
    <ZPos>4408</ZPos>
    <Heading>2218</Heading>
    <Region>100</Region>
    <MinVersion>168</MinVersion>
    <RealmID>0</RealmID>
    <RaceID>8</RaceID>
    <ClassID>36</ClassID>
    <ClientRegionID>0</ClientRegionID>
  </StartupLocation>
  <StartupLocation>
    <LastTimeRowUpdated>2014-12-28T15:22:07.0577135Z</LastTimeRowUpdated>
    <XPos>805840</XPos>
    <YPos>701505</YPos>
    <ZPos>4960</ZPos>
    <Heading>1843</Heading>
    <Region>100</Region>
    <MinVersion>168</MinVersion>
    <RealmID>0</RealmID>
    <RaceID>8</RaceID>
    <ClassID>37</ClassID>
    <ClientRegionID>0</ClientRegionID>
  </StartupLocation>
  <StartupLocation>
    <LastTimeRowUpdated>2014-12-28T15:22:07.0577135Z</LastTimeRowUpdated>
    <XPos>749871</XPos>
    <YPos>816931</YPos>
    <ZPos>4414</ZPos>
    <Heading>3709</Heading>
    <Region>100</Region>
    <MinVersion>168</MinVersion>
    <RealmID>0</RealmID>
    <RaceID>8</RaceID>
    <ClassID>35</ClassID>
    <ClientRegionID>0</ClientRegionID>
  </StartupLocation>
  <StartupLocation>
    <LastTimeRowUpdated>2014-12-28T15:22:07.0577135Z</LastTimeRowUpdated>
    <XPos>296541</XPos>
    <YPos>641396</YPos>
    <ZPos>4848</ZPos>
    <Heading>2434</Heading>
    <Region>200</Region>
    <MinVersion>168</MinVersion>
    <RealmID>0</RealmID>
    <RaceID>9</RaceID>
    <ClassID>52</ClassID>
    <ClientRegionID>0</ClientRegionID>
  </StartupLocation>
  <StartupLocation>
    <LastTimeRowUpdated>2014-12-28T15:22:07.0577135Z</LastTimeRowUpdated>
    <XPos>341573</XPos>
    <YPos>592207</YPos>
    <ZPos>5456</ZPos>
    <Heading>2810</Heading>
    <Region>200</Region>
    <MinVersion>168</MinVersion>
    <RealmID>0</RealmID>
    <RaceID>9</RaceID>
    <ClassID>51</ClassID>
    <ClientRegionID>0</ClientRegionID>
  </StartupLocation>
  <StartupLocation>
    <LastTimeRowUpdated>2014-12-28T15:22:07.0577135Z</LastTimeRowUpdated>
    <XPos>294760</XPos>
    <YPos>641582</YPos>
    <ZPos>4848</ZPos>
    <Heading>1695</Heading>
    <Region>200</Region>
    <MinVersion>168</MinVersion>
    <RealmID>0</RealmID>
    <RaceID>9</RaceID>
    <ClassID>53</ClassID>
    <ClientRegionID>0</ClientRegionID>
  </StartupLocation>
  <StartupLocation>
    <LastTimeRowUpdated>2014-12-28T15:22:07.0577135Z</LastTimeRowUpdated>
    <XPos>342452</XPos>
    <YPos>592706</YPos>
    <ZPos>5456</ZPos>
    <Heading>3970</Heading>
    <Region>200</Region>
    <MinVersion>168</MinVersion>
    <RealmID>0</RealmID>
    <RaceID>9</RaceID>
    <ClassID>54</ClassID>
    <ClientRegionID>0</ClientRegionID>
  </StartupLocation>
  <StartupLocation>
    <LastTimeRowUpdated>2014-12-28T15:22:07.0577135Z</LastTimeRowUpdated>
    <XPos>341533</XPos>
    <YPos>467755</YPos>
    <ZPos>5200</ZPos>
    <Heading>1956</Heading>
    <Region>200</Region>
    <MinVersion>168</MinVersion>
    <RealmID>0</RealmID>
    <RaceID>10</RaceID>
    <ClassID>52</ClassID>
    <ClientRegionID>0</ClientRegionID>
  </StartupLocation>
  <StartupLocation>
    <LastTimeRowUpdated>2014-12-28T15:22:07.0577135Z</LastTimeRowUpdated>
    <XPos>340874</XPos>
    <YPos>467094</YPos>
    <ZPos>5200</ZPos>
    <Heading>1991</Heading>
    <Region>200</Region>
    <MinVersion>168</MinVersion>
    <RealmID>0</RealmID>
    <RaceID>10</RaceID>
    <ClassID>53</ClassID>
    <ClientRegionID>0</ClientRegionID>
  </StartupLocation>
  <StartupLocation>
    <LastTimeRowUpdated>2014-12-28T15:22:07.0577135Z</LastTimeRowUpdated>
    <XPos>342056</XPos>
    <YPos>591677</YPos>
    <ZPos>5456</ZPos>
    <Heading>420</Heading>
    <Region>200</Region>
    <MinVersion>168</MinVersion>
    <RealmID>0</RealmID>
    <RaceID>11</RaceID>
    <ClassID>52</ClassID>
    <ClientRegionID>0</ClientRegionID>
  </StartupLocation>
  <StartupLocation>
    <LastTimeRowUpdated>2014-12-28T15:22:07.0577135Z</LastTimeRowUpdated>
    <XPos>346135</XPos>
    <YPos>490852</YPos>
    <ZPos>5200</ZPos>
    <Heading>3322</Heading>
    <Region>200</Region>
    <MinVersion>168</MinVersion>
    <RealmID>0</RealmID>
    <RaceID>11</RaceID>
    <ClassID>51</ClassID>
    <ClientRegionID>0</ClientRegionID>
  </StartupLocation>
  <StartupLocation>
    <LastTimeRowUpdated>2014-12-28T15:22:07.0587136Z</LastTimeRowUpdated>
    <XPos>347655</XPos>
    <YPos>491251</YPos>
    <ZPos>5239</ZPos>
    <Heading>3629</Heading>
    <Region>200</Region>
    <MinVersion>168</MinVersion>
    <RealmID>0</RealmID>
    <RaceID>11</RaceID>
    <ClassID>54</ClassID>
    <ClientRegionID>0</ClientRegionID>
  </StartupLocation>
  <StartupLocation>
    <LastTimeRowUpdated>2014-12-28T15:22:07.0587136Z</LastTimeRowUpdated>
    <XPos>346412</XPos>
    <YPos>490656</YPos>
    <ZPos>5330</ZPos>
    <Heading>2992</Heading>
    <Region>200</Region>
    <MinVersion>168</MinVersion>
    <RealmID>0</RealmID>
    <RaceID>12</RaceID>
    <ClassID>52</ClassID>
    <ClientRegionID>0</ClientRegionID>
  </StartupLocation>
  <StartupLocation>
    <LastTimeRowUpdated>2014-12-28T15:22:07.0587136Z</LastTimeRowUpdated>
    <XPos>295689</XPos>
    <YPos>641565</YPos>
    <ZPos>4848</ZPos>
    <Heading>2013</Heading>
    <Region>200</Region>
    <MinVersion>168</MinVersion>
    <RealmID>0</RealmID>
    <RaceID>12</RaceID>
    <ClassID>51</ClassID>
    <ClientRegionID>0</ClientRegionID>
  </StartupLocation>
  <StartupLocation>
    <LastTimeRowUpdated>2014-12-28T15:22:07.0587136Z</LastTimeRowUpdated>
    <XPos>341433</XPos>
    <YPos>468931</YPos>
    <ZPos>5200</ZPos>
    <Heading>3481</Heading>
    <Region>200</Region>
    <MinVersion>168</MinVersion>
    <RealmID>0</RealmID>
    <RaceID>12</RaceID>
    <ClassID>54</ClassID>
    <ClientRegionID>0</ClientRegionID>
  </StartupLocation>
  <StartupLocation>
    <LastTimeRowUpdated>2014-12-28T15:22:07.0587136Z</LastTimeRowUpdated>
    <XPos>497519</XPos>
    <YPos>587623</YPos>
    <ZPos>2308</ZPos>
    <Heading>2355</Heading>
    <Region>1</Region>
    <MinVersion>168</MinVersion>
    <RealmID>0</RealmID>
    <RaceID>16</RaceID>
    <ClassID>15</ClassID>
    <ClientRegionID>0</ClientRegionID>
  </StartupLocation>
  <StartupLocation>
    <LastTimeRowUpdated>2014-12-28T15:22:07.0587136Z</LastTimeRowUpdated>
    <XPos>473012</XPos>
    <YPos>628294</YPos>
    <ZPos>2048</ZPos>
    <Heading>887</Heading>
    <Region>1</Region>
    <MinVersion>168</MinVersion>
    <RealmID>0</RealmID>
    <RaceID>16</RaceID>
    <ClassID>14</ClassID>
    <ClientRegionID>0</ClientRegionID>
  </StartupLocation>
  <StartupLocation>
    <LastTimeRowUpdated>2014-12-28T15:22:07.0587136Z</LastTimeRowUpdated>
    <XPos>497569</XPos>
    <YPos>587800</YPos>
    <ZPos>2308</ZPos>
    <Heading>3993</Heading>
    <Region>1</Region>
    <MinVersion>168</MinVersion>
    <RealmID>0</RealmID>
    <RaceID>16</RaceID>
    <ClassID>18</ClassID>
    <ClientRegionID>0</ClientRegionID>
  </StartupLocation>
  <StartupLocation>
    <LastTimeRowUpdated>2014-12-28T15:22:07.0587136Z</LastTimeRowUpdated>
    <XPos>774202</XPos>
    <YPos>757158</YPos>
    <ZPos>4600</ZPos>
    <Heading>1149</Heading>
    <Region>100</Region>
    <MinVersion>168</MinVersion>
    <RealmID>0</RealmID>
    <RaceID>17</RaceID>
    <ClassID>38</ClassID>
    <ClientRegionID>0</ClientRegionID>
  </StartupLocation>
  <StartupLocation>
    <LastTimeRowUpdated>2014-12-28T15:22:07.0587136Z</LastTimeRowUpdated>
    <XPos>775478</XPos>
    <YPos>753906</YPos>
    <ZPos>4600</ZPos>
    <Heading>2833</Heading>
    <Region>100</Region>
    <MinVersion>168</MinVersion>
    <RealmID>0</RealmID>
    <RaceID>17</RaceID>
    <ClassID>36</ClassID>
    <ClientRegionID>0</ClientRegionID>
  </StartupLocation>
  <StartupLocation>
    <LastTimeRowUpdated>2014-12-28T15:22:07.0587136Z</LastTimeRowUpdated>
    <XPos>748436</XPos>
    <YPos>815916</YPos>
    <ZPos>4408</ZPos>
    <Heading>659</Heading>
    <Region>100</Region>
    <MinVersion>168</MinVersion>
    <RealmID>0</RealmID>
    <RaceID>17</RaceID>
    <ClassID>37</ClassID>
    <ClientRegionID>0</ClientRegionID>
  </StartupLocation>
  <StartupLocation>
    <LastTimeRowUpdated>2014-12-28T15:22:07.0587136Z</LastTimeRowUpdated>
    <XPos>774699</XPos>
    <YPos>753755</YPos>
    <ZPos>4600</ZPos>
    <Heading>2332</Heading>
    <Region>100</Region>
    <MinVersion>168</MinVersion>
    <RealmID>0</RealmID>
    <RaceID>17</RaceID>
    <ClassID>35</ClassID>
    <ClientRegionID>0</ClientRegionID>
  </StartupLocation>
  <StartupLocation>
    <LastTimeRowUpdated>2014-12-28T15:22:07.0587136Z</LastTimeRowUpdated>
    <XPos>296541</XPos>
    <YPos>641396</YPos>
    <ZPos>4848</ZPos>
    <Heading>2434</Heading>
    <Region>200</Region>
    <MinVersion>168</MinVersion>
    <RealmID>0</RealmID>
    <RaceID>18</RaceID>
    <ClassID>52</ClassID>
    <ClientRegionID>0</ClientRegionID>
  </StartupLocation>
  <StartupLocation>
    <LastTimeRowUpdated>2014-12-28T15:22:07.0587136Z</LastTimeRowUpdated>
    <XPos>341573</XPos>
    <YPos>592207</YPos>
    <ZPos>5456</ZPos>
    <Heading>2810</Heading>
    <Region>200</Region>
    <MinVersion>168</MinVersion>
    <RealmID>0</RealmID>
    <RaceID>18</RaceID>
    <ClassID>51</ClassID>
    <ClientRegionID>0</ClientRegionID>
  </StartupLocation>
  <StartupLocation>
    <LastTimeRowUpdated>2014-12-28T15:22:07.0587136Z</LastTimeRowUpdated>
    <XPos>342452</XPos>
    <YPos>592706</YPos>
    <ZPos>5456</ZPos>
    <Heading>3970</Heading>
    <Region>200</Region>
    <MinVersion>168</MinVersion>
    <RealmID>0</RealmID>
    <RaceID>18</RaceID>
    <ClassID>54</ClassID>
    <ClientRegionID>0</ClientRegionID>
  </StartupLocation>
  <StartupLocation>
    <LastTimeRowUpdated>2014-12-28T15:22:07.0587136Z</LastTimeRowUpdated>
    <XPos>530976</XPos>
    <YPos>480219</YPos>
    <ZPos>2200</ZPos>
    <Heading>1115</Heading>
    <Region>1</Region>
    <MinVersion>168</MinVersion>
    <RealmID>0</RealmID>
    <RaceID>19</RaceID>
    <ClassID>16</ClassID>
    <ClientRegionID>0</ClientRegionID>
  </StartupLocation>
  <StartupLocation>
    <LastTimeRowUpdated>2014-12-28T15:22:07.0587136Z</LastTimeRowUpdated>
    <XPos>530976</XPos>
    <YPos>480219</YPos>
    <ZPos>2200</ZPos>
    <Heading>1115</Heading>
    <Region>1</Region>
    <MinVersion>168</MinVersion>
    <RealmID>0</RealmID>
    <RaceID>19</RaceID>
    <ClassID>14</ClassID>
    <ClientRegionID>0</ClientRegionID>
  </StartupLocation>
  <StartupLocation>
    <LastTimeRowUpdated>2014-12-28T15:22:07.0587136Z</LastTimeRowUpdated>
    <XPos>774699</XPos>
    <YPos>753755</YPos>
    <ZPos>4600</ZPos>
    <Heading>2332</Heading>
    <Region>100</Region>
    <MinVersion>168</MinVersion>
    <RealmID>0</RealmID>
    <RaceID>20</RaceID>
    <ClassID>35</ClassID>
    <ClientRegionID>0</ClientRegionID>
  </StartupLocation>
  <StartupLocation>
    <LastTimeRowUpdated>2014-12-28T15:22:07.0587136Z</LastTimeRowUpdated>
    <XPos>774699</XPos>
    <YPos>753755</YPos>
    <ZPos>4600</ZPos>
    <Heading>2332</Heading>
    <Region>100</Region>
    <MinVersion>168</MinVersion>
    <RealmID>0</RealmID>
    <RaceID>20</RaceID>
    <ClassID>37</ClassID>
    <ClientRegionID>0</ClientRegionID>
  </StartupLocation>
  <StartupLocation>
    <LastTimeRowUpdated>2014-12-28T15:22:07.0587136Z</LastTimeRowUpdated>
    <XPos>340874</XPos>
    <YPos>467094</YPos>
    <ZPos>5200</ZPos>
    <Heading>1763</Heading>
    <Region>200</Region>
    <MinVersion>168</MinVersion>
    <RealmID>0</RealmID>
    <RaceID>21</RaceID>
    <ClassID>53</ClassID>
    <ClientRegionID>0</ClientRegionID>
  </StartupLocation>
  <StartupLocation>
    <LastTimeRowUpdated>2014-12-28T15:22:07.0587136Z</LastTimeRowUpdated>
    <XPos>340874</XPos>
    <YPos>467094</YPos>
    <ZPos>5200</ZPos>
    <Heading>1763</Heading>
    <Region>200</Region>
    <MinVersion>168</MinVersion>
    <RealmID>0</RealmID>
    <RaceID>21</RaceID>
    <ClassID>52</ClassID>
    <ClientRegionID>0</ClientRegionID>
  </StartupLocation>
  <StartupLocation>
    <LastTimeRowUpdated>2014-12-28T15:22:07.0587136Z</LastTimeRowUpdated>
    <XPos>534941</XPos>
    <YPos>550179</YPos>
    <ZPos>4827</ZPos>
    <Heading>4050</Heading>
    <Region>51</Region>
    <MinVersion>0</MinVersion>
    <RealmID>0</RealmID>
    <RaceID>1</RaceID>
    <ClassID>16</ClassID>
    <ClientRegionID>51</ClientRegionID>
  </StartupLocation>
  <StartupLocation>
    <LastTimeRowUpdated>2014-12-28T15:22:07.0587136Z</LastTimeRowUpdated>
    <XPos>533554</XPos>
    <YPos>547245</YPos>
    <ZPos>4800</ZPos>
    <Heading>637</Heading>
    <Region>51</Region>
    <MinVersion>0</MinVersion>
    <RealmID>0</RealmID>
    <RaceID>1</RaceID>
    <ClassID>17</ClassID>
    <ClientRegionID>51</ClientRegionID>
  </StartupLocation>
  <StartupLocation>
    <LastTimeRowUpdated>2014-12-28T15:22:07.0587136Z</LastTimeRowUpdated>
    <XPos>532903</XPos>
    <YPos>549773</YPos>
    <ZPos>4800</ZPos>
    <Heading>1501</Heading>
    <Region>51</Region>
    <MinVersion>0</MinVersion>
    <RealmID>0</RealmID>
    <RaceID>1</RaceID>
    <ClassID>20</ClassID>
    <ClientRegionID>51</ClientRegionID>
  </StartupLocation>
  <StartupLocation>
    <LastTimeRowUpdated>2014-12-28T15:22:07.0587136Z</LastTimeRowUpdated>
    <XPos>536616</XPos>
    <YPos>549056</YPos>
    <ZPos>4800</ZPos>
    <Heading>68</Heading>
    <Region>51</Region>
    <MinVersion>0</MinVersion>
    <RealmID>0</RealmID>
    <RaceID>1</RaceID>
    <ClassID>15</ClassID>
    <ClientRegionID>51</ClientRegionID>
  </StartupLocation>
  <StartupLocation>
    <LastTimeRowUpdated>2014-12-28T15:22:07.0587136Z</LastTimeRowUpdated>
    <XPos>536754</XPos>
    <YPos>548420</YPos>
    <ZPos>4800</ZPos>
    <Heading>2946</Heading>
    <Region>51</Region>
    <MinVersion>0</MinVersion>
    <RealmID>0</RealmID>
    <RaceID>1</RaceID>
    <ClassID>14</ClassID>
    <ClientRegionID>51</ClientRegionID>
  </StartupLocation>
  <StartupLocation>
    <LastTimeRowUpdated>2014-12-28T15:22:07.0587136Z</LastTimeRowUpdated>
    <XPos>535306</XPos>
    <YPos>549073</YPos>
    <ZPos>4800</ZPos>
    <Heading>3128</Heading>
    <Region>51</Region>
    <MinVersion>0</MinVersion>
    <RealmID>0</RealmID>
    <RaceID>1</RaceID>
    <ClassID>18</ClassID>
    <ClientRegionID>51</ClientRegionID>
  </StartupLocation>
  <StartupLocation>
    <LastTimeRowUpdated>2014-12-28T15:22:07.0587136Z</LastTimeRowUpdated>
    <XPos>534941</XPos>
    <YPos>550179</YPos>
    <ZPos>4827</ZPos>
    <Heading>4050</Heading>
    <Region>51</Region>
    <MinVersion>0</MinVersion>
    <RealmID>0</RealmID>
    <RaceID>2</RaceID>
    <ClassID>16</ClassID>
    <ClientRegionID>51</ClientRegionID>
  </StartupLocation>
  <StartupLocation>
    <LastTimeRowUpdated>2014-12-28T15:22:07.0587136Z</LastTimeRowUpdated>
    <XPos>536616</XPos>
    <YPos>549056</YPos>
    <ZPos>4800</ZPos>
    <Heading>68</Heading>
    <Region>51</Region>
    <MinVersion>0</MinVersion>
    <RealmID>0</RealmID>
    <RaceID>2</RaceID>
    <ClassID>15</ClassID>
    <ClientRegionID>51</ClientRegionID>
  </StartupLocation>
  <StartupLocation>
    <LastTimeRowUpdated>2014-12-28T15:22:07.0587136Z</LastTimeRowUpdated>
    <XPos>536754</XPos>
    <YPos>548420</YPos>
    <ZPos>4800</ZPos>
    <Heading>2946</Heading>
    <Region>51</Region>
    <MinVersion>0</MinVersion>
    <RealmID>0</RealmID>
    <RaceID>2</RaceID>
    <ClassID>14</ClassID>
    <ClientRegionID>51</ClientRegionID>
  </StartupLocation>
  <StartupLocation>
    <LastTimeRowUpdated>2014-12-28T15:22:07.0587136Z</LastTimeRowUpdated>
    <XPos>535306</XPos>
    <YPos>549073</YPos>
    <ZPos>4800</ZPos>
    <Heading>3128</Heading>
    <Region>51</Region>
    <MinVersion>0</MinVersion>
    <RealmID>0</RealmID>
    <RaceID>2</RaceID>
    <ClassID>18</ClassID>
    <ClientRegionID>51</ClientRegionID>
  </StartupLocation>
  <StartupLocation>
    <LastTimeRowUpdated>2014-12-28T15:22:07.0587136Z</LastTimeRowUpdated>
    <XPos>534941</XPos>
    <YPos>550179</YPos>
    <ZPos>4827</ZPos>
    <Heading>4050</Heading>
    <Region>51</Region>
    <MinVersion>0</MinVersion>
    <RealmID>0</RealmID>
    <RaceID>3</RaceID>
    <ClassID>16</ClassID>
    <ClientRegionID>51</ClientRegionID>
  </StartupLocation>
  <StartupLocation>
    <LastTimeRowUpdated>2014-12-28T15:22:07.0587136Z</LastTimeRowUpdated>
    <XPos>533554</XPos>
    <YPos>547245</YPos>
    <ZPos>4800</ZPos>
    <Heading>637</Heading>
    <Region>51</Region>
    <MinVersion>0</MinVersion>
    <RealmID>0</RealmID>
    <RaceID>3</RaceID>
    <ClassID>17</ClassID>
    <ClientRegionID>51</ClientRegionID>
  </StartupLocation>
  <StartupLocation>
    <LastTimeRowUpdated>2014-12-28T15:22:07.0587136Z</LastTimeRowUpdated>
    <XPos>536754</XPos>
    <YPos>548420</YPos>
    <ZPos>4800</ZPos>
    <Heading>2946</Heading>
    <Region>51</Region>
    <MinVersion>0</MinVersion>
    <RealmID>0</RealmID>
    <RaceID>3</RaceID>
    <ClassID>14</ClassID>
    <ClientRegionID>51</ClientRegionID>
  </StartupLocation>
  <StartupLocation>
    <LastTimeRowUpdated>2014-12-28T15:22:07.0587136Z</LastTimeRowUpdated>
    <XPos>533554</XPos>
    <YPos>547245</YPos>
    <ZPos>4800</ZPos>
    <Heading>637</Heading>
    <Region>51</Region>
    <MinVersion>0</MinVersion>
    <RealmID>0</RealmID>
    <RaceID>4</RaceID>
    <ClassID>17</ClassID>
    <ClientRegionID>51</ClientRegionID>
  </StartupLocation>
  <StartupLocation>
    <LastTimeRowUpdated>2014-12-28T15:22:07.0587136Z</LastTimeRowUpdated>
    <XPos>532903</XPos>
    <YPos>549773</YPos>
    <ZPos>4800</ZPos>
    <Heading>1501</Heading>
    <Region>51</Region>
    <MinVersion>0</MinVersion>
    <RealmID>0</RealmID>
    <RaceID>4</RaceID>
    <ClassID>20</ClassID>
    <ClientRegionID>51</ClientRegionID>
  </StartupLocation>
  <StartupLocation>
    <LastTimeRowUpdated>2014-12-28T15:22:07.0587136Z</LastTimeRowUpdated>
    <XPos>536754</XPos>
    <YPos>548420</YPos>
    <ZPos>4800</ZPos>
    <Heading>2946</Heading>
    <Region>51</Region>
    <MinVersion>0</MinVersion>
    <RealmID>0</RealmID>
    <RaceID>4</RaceID>
    <ClassID>14</ClassID>
    <ClientRegionID>51</ClientRegionID>
  </StartupLocation>
  <StartupLocation>
    <LastTimeRowUpdated>2014-12-28T15:22:07.0587136Z</LastTimeRowUpdated>
    <XPos>535306</XPos>
    <YPos>549073</YPos>
    <ZPos>4800</ZPos>
    <Heading>3128</Heading>
    <Region>51</Region>
    <MinVersion>0</MinVersion>
    <RealmID>0</RealmID>
    <RaceID>4</RaceID>
    <ClassID>18</ClassID>
    <ClientRegionID>51</ClientRegionID>
  </StartupLocation>
  <StartupLocation>
    <LastTimeRowUpdated>2014-12-28T15:22:07.0587136Z</LastTimeRowUpdated>
    <XPos>288943</XPos>
    <YPos>355677</YPos>
    <ZPos>3866</ZPos>
    <Heading>591</Heading>
    <Region>151</Region>
    <MinVersion>0</MinVersion>
    <RealmID>0</RealmID>
    <RaceID>5</RaceID>
    <ClassID>38</ClassID>
    <ClientRegionID>151</ClientRegionID>
  </StartupLocation>
  <StartupLocation>
    <LastTimeRowUpdated>2014-12-28T15:22:07.0587136Z</LastTimeRowUpdated>
    <XPos>289835</XPos>
    <YPos>355925</YPos>
    <ZPos>3866</ZPos>
    <Heading>3686</Heading>
    <Region>151</Region>
    <MinVersion>0</MinVersion>
    <RealmID>0</RealmID>
    <RaceID>5</RaceID>
    <ClassID>36</ClassID>
    <ClientRegionID>151</ClientRegionID>
  </StartupLocation>
  <StartupLocation>
    <LastTimeRowUpdated>2014-12-28T15:22:07.0597137Z</LastTimeRowUpdated>
    <XPos>288291</XPos>
    <YPos>355562</YPos>
    <ZPos>3488</ZPos>
    <Heading>2241</Heading>
    <Region>151</Region>
    <MinVersion>0</MinVersion>
    <RealmID>0</RealmID>
    <RaceID>5</RaceID>
    <ClassID>37</ClassID>
    <ClientRegionID>151</ClientRegionID>
  </StartupLocation>
  <StartupLocation>
    <LastTimeRowUpdated>2014-12-28T15:22:07.0597137Z</LastTimeRowUpdated>
    <XPos>287682</XPos>
    <YPos>355297</YPos>
    <ZPos>3488</ZPos>
    <Heading>1536</Heading>
    <Region>151</Region>
    <MinVersion>0</MinVersion>
    <RealmID>0</RealmID>
    <RaceID>5</RaceID>
    <ClassID>35</ClassID>
    <ClientRegionID>151</ClientRegionID>
  </StartupLocation>
  <StartupLocation>
    <LastTimeRowUpdated>2014-12-28T15:22:07.0597137Z</LastTimeRowUpdated>
    <XPos>289835</XPos>
    <YPos>355925</YPos>
    <ZPos>3866</ZPos>
    <Heading>3686</Heading>
    <Region>151</Region>
    <MinVersion>0</MinVersion>
    <RealmID>0</RealmID>
    <RaceID>6</RaceID>
    <ClassID>36</ClassID>
    <ClientRegionID>151</ClientRegionID>
  </StartupLocation>
  <StartupLocation>
    <LastTimeRowUpdated>2014-12-28T15:22:07.0597137Z</LastTimeRowUpdated>
    <XPos>288291</XPos>
    <YPos>355562</YPos>
    <ZPos>3488</ZPos>
    <Heading>2241</Heading>
    <Region>151</Region>
    <MinVersion>0</MinVersion>
    <RealmID>0</RealmID>
    <RaceID>6</RaceID>
    <ClassID>37</ClassID>
    <ClientRegionID>151</ClientRegionID>
  </StartupLocation>
  <StartupLocation>
    <LastTimeRowUpdated>2014-12-28T15:22:07.0597137Z</LastTimeRowUpdated>
    <XPos>287682</XPos>
    <YPos>355297</YPos>
    <ZPos>3488</ZPos>
    <Heading>1536</Heading>
    <Region>151</Region>
    <MinVersion>0</MinVersion>
    <RealmID>0</RealmID>
    <RaceID>6</RaceID>
    <ClassID>35</ClassID>
    <ClientRegionID>151</ClientRegionID>
  </StartupLocation>
  <StartupLocation>
    <LastTimeRowUpdated>2014-12-28T15:22:07.0597137Z</LastTimeRowUpdated>
    <XPos>288943</XPos>
    <YPos>355677</YPos>
    <ZPos>3866</ZPos>
    <Heading>591</Heading>
    <Region>151</Region>
    <MinVersion>0</MinVersion>
    <RealmID>0</RealmID>
    <RaceID>7</RaceID>
    <ClassID>38</ClassID>
    <ClientRegionID>151</ClientRegionID>
  </StartupLocation>
  <StartupLocation>
    <LastTimeRowUpdated>2014-12-28T15:22:07.0597137Z</LastTimeRowUpdated>
    <XPos>289835</XPos>
    <YPos>355925</YPos>
    <ZPos>3866</ZPos>
    <Heading>3686</Heading>
    <Region>151</Region>
    <MinVersion>0</MinVersion>
    <RealmID>0</RealmID>
    <RaceID>7</RaceID>
    <ClassID>36</ClassID>
    <ClientRegionID>151</ClientRegionID>
  </StartupLocation>
  <StartupLocation>
    <LastTimeRowUpdated>2014-12-28T15:22:07.0597137Z</LastTimeRowUpdated>
    <XPos>288291</XPos>
    <YPos>355562</YPos>
    <ZPos>3488</ZPos>
    <Heading>2241</Heading>
    <Region>151</Region>
    <MinVersion>0</MinVersion>
    <RealmID>0</RealmID>
    <RaceID>7</RaceID>
    <ClassID>37</ClassID>
    <ClientRegionID>151</ClientRegionID>
  </StartupLocation>
  <StartupLocation>
    <LastTimeRowUpdated>2014-12-28T15:22:07.0597137Z</LastTimeRowUpdated>
    <XPos>287682</XPos>
    <YPos>355297</YPos>
    <ZPos>3488</ZPos>
    <Heading>1536</Heading>
    <Region>151</Region>
    <MinVersion>0</MinVersion>
    <RealmID>0</RealmID>
    <RaceID>7</RaceID>
    <ClassID>35</ClassID>
    <ClientRegionID>151</ClientRegionID>
  </StartupLocation>
  <StartupLocation>
    <LastTimeRowUpdated>2014-12-28T15:22:07.0597137Z</LastTimeRowUpdated>
    <XPos>288943</XPos>
    <YPos>355677</YPos>
    <ZPos>3866</ZPos>
    <Heading>591</Heading>
    <Region>151</Region>
    <MinVersion>0</MinVersion>
    <RealmID>0</RealmID>
    <RaceID>8</RaceID>
    <ClassID>38</ClassID>
    <ClientRegionID>151</ClientRegionID>
  </StartupLocation>
  <StartupLocation>
    <LastTimeRowUpdated>2014-12-28T15:22:07.0597137Z</LastTimeRowUpdated>
    <XPos>289835</XPos>
    <YPos>355925</YPos>
    <ZPos>3866</ZPos>
    <Heading>3686</Heading>
    <Region>151</Region>
    <MinVersion>0</MinVersion>
    <RealmID>0</RealmID>
    <RaceID>8</RaceID>
    <ClassID>36</ClassID>
    <ClientRegionID>151</ClientRegionID>
  </StartupLocation>
  <StartupLocation>
    <LastTimeRowUpdated>2014-12-28T15:22:07.0597137Z</LastTimeRowUpdated>
    <XPos>288291</XPos>
    <YPos>355562</YPos>
    <ZPos>3488</ZPos>
    <Heading>2241</Heading>
    <Region>151</Region>
    <MinVersion>0</MinVersion>
    <RealmID>0</RealmID>
    <RaceID>8</RaceID>
    <ClassID>37</ClassID>
    <ClientRegionID>151</ClientRegionID>
  </StartupLocation>
  <StartupLocation>
    <LastTimeRowUpdated>2014-12-28T15:22:07.0597137Z</LastTimeRowUpdated>
    <XPos>287682</XPos>
    <YPos>355297</YPos>
    <ZPos>3488</ZPos>
    <Heading>1536</Heading>
    <Region>151</Region>
    <MinVersion>0</MinVersion>
    <RealmID>0</RealmID>
    <RaceID>8</RaceID>
    <ClassID>35</ClassID>
    <ClientRegionID>151</ClientRegionID>
  </StartupLocation>
  <StartupLocation>
    <LastTimeRowUpdated>2014-12-28T15:22:07.0597137Z</LastTimeRowUpdated>
    <XPos>423984</XPos>
    <YPos>446295</YPos>
    <ZPos>5952</ZPos>
    <Heading>3185</Heading>
    <Region>181</Region>
    <MinVersion>0</MinVersion>
    <RealmID>0</RealmID>
    <RaceID>9</RaceID>
    <ClassID>57</ClassID>
    <ClientRegionID>181</ClientRegionID>
  </StartupLocation>
  <StartupLocation>
    <LastTimeRowUpdated>2014-12-28T15:22:07.0597137Z</LastTimeRowUpdated>
    <XPos>424686</XPos>
    <YPos>445063</YPos>
    <ZPos>5952</ZPos>
    <Heading>3948</Heading>
    <Region>181</Region>
    <MinVersion>0</MinVersion>
    <RealmID>0</RealmID>
    <RaceID>9</RaceID>
    <ClassID>52</ClassID>
    <ClientRegionID>181</ClientRegionID>
  </StartupLocation>
  <StartupLocation>
    <LastTimeRowUpdated>2014-12-28T15:22:07.0597137Z</LastTimeRowUpdated>
    <XPos>422268</XPos>
    <YPos>442821</YPos>
    <ZPos>5952</ZPos>
    <Heading>637</Heading>
    <Region>181</Region>
    <MinVersion>0</MinVersion>
    <RealmID>0</RealmID>
    <RaceID>9</RaceID>
    <ClassID>51</ClassID>
    <ClientRegionID>181</ClientRegionID>
  </StartupLocation>
  <StartupLocation>
    <LastTimeRowUpdated>2014-12-28T15:22:07.0597137Z</LastTimeRowUpdated>
    <XPos>422985</XPos>
    <YPos>445853</YPos>
    <ZPos>5952</ZPos>
    <Heading>307</Heading>
    <Region>181</Region>
    <MinVersion>0</MinVersion>
    <RealmID>0</RealmID>
    <RaceID>9</RaceID>
    <ClassID>53</ClassID>
    <ClientRegionID>181</ClientRegionID>
  </StartupLocation>
  <StartupLocation>
    <LastTimeRowUpdated>2014-12-28T15:22:07.0597137Z</LastTimeRowUpdated>
    <XPos>420591</XPos>
    <YPos>444523</YPos>
    <ZPos>5952</ZPos>
    <Heading>1627</Heading>
    <Region>181</Region>
    <MinVersion>0</MinVersion>
    <RealmID>0</RealmID>
    <RaceID>9</RaceID>
    <ClassID>54</ClassID>
    <ClientRegionID>181</ClientRegionID>
  </StartupLocation>
  <StartupLocation>
    <LastTimeRowUpdated>2014-12-28T15:22:07.0597137Z</LastTimeRowUpdated>
    <XPos>423984</XPos>
    <YPos>446295</YPos>
    <ZPos>5952</ZPos>
    <Heading>3185</Heading>
    <Region>181</Region>
    <MinVersion>0</MinVersion>
    <RealmID>0</RealmID>
    <RaceID>10</RaceID>
    <ClassID>57</ClassID>
    <ClientRegionID>181</ClientRegionID>
  </StartupLocation>
  <StartupLocation>
    <LastTimeRowUpdated>2014-12-28T15:22:07.0597137Z</LastTimeRowUpdated>
    <XPos>424686</XPos>
    <YPos>445063</YPos>
    <ZPos>5952</ZPos>
    <Heading>3948</Heading>
    <Region>181</Region>
    <MinVersion>0</MinVersion>
    <RealmID>0</RealmID>
    <RaceID>10</RaceID>
    <ClassID>52</ClassID>
    <ClientRegionID>181</ClientRegionID>
  </StartupLocation>
  <StartupLocation>
    <LastTimeRowUpdated>2014-12-28T15:22:07.0597137Z</LastTimeRowUpdated>
    <XPos>422985</XPos>
    <YPos>445853</YPos>
    <ZPos>5952</ZPos>
    <Heading>307</Heading>
    <Region>181</Region>
    <MinVersion>0</MinVersion>
    <RealmID>0</RealmID>
    <RaceID>10</RaceID>
    <ClassID>53</ClassID>
    <ClientRegionID>181</ClientRegionID>
  </StartupLocation>
  <StartupLocation>
    <LastTimeRowUpdated>2014-12-28T15:22:07.0597137Z</LastTimeRowUpdated>
    <XPos>424686</XPos>
    <YPos>445063</YPos>
    <ZPos>5952</ZPos>
    <Heading>3948</Heading>
    <Region>181</Region>
    <MinVersion>0</MinVersion>
    <RealmID>0</RealmID>
    <RaceID>11</RaceID>
    <ClassID>52</ClassID>
    <ClientRegionID>181</ClientRegionID>
  </StartupLocation>
  <StartupLocation>
    <LastTimeRowUpdated>2014-12-28T15:22:07.0597137Z</LastTimeRowUpdated>
    <XPos>422268</XPos>
    <YPos>442821</YPos>
    <ZPos>5952</ZPos>
    <Heading>637</Heading>
    <Region>181</Region>
    <MinVersion>0</MinVersion>
    <RealmID>0</RealmID>
    <RaceID>11</RaceID>
    <ClassID>51</ClassID>
    <ClientRegionID>181</ClientRegionID>
  </StartupLocation>
  <StartupLocation>
    <LastTimeRowUpdated>2014-12-28T15:22:07.0597137Z</LastTimeRowUpdated>
    <XPos>420591</XPos>
    <YPos>444523</YPos>
    <ZPos>5952</ZPos>
    <Heading>1627</Heading>
    <Region>181</Region>
    <MinVersion>0</MinVersion>
    <RealmID>0</RealmID>
    <RaceID>11</RaceID>
    <ClassID>54</ClassID>
    <ClientRegionID>181</ClientRegionID>
  </StartupLocation>
  <StartupLocation>
    <LastTimeRowUpdated>2014-12-28T15:22:07.0597137Z</LastTimeRowUpdated>
    <XPos>424686</XPos>
    <YPos>445063</YPos>
    <ZPos>5952</ZPos>
    <Heading>3948</Heading>
    <Region>181</Region>
    <MinVersion>0</MinVersion>
    <RealmID>0</RealmID>
    <RaceID>12</RaceID>
    <ClassID>52</ClassID>
    <ClientRegionID>181</ClientRegionID>
  </StartupLocation>
  <StartupLocation>
    <LastTimeRowUpdated>2014-12-28T15:22:07.0597137Z</LastTimeRowUpdated>
    <XPos>422268</XPos>
    <YPos>442821</YPos>
    <ZPos>5952</ZPos>
    <Heading>637</Heading>
    <Region>181</Region>
    <MinVersion>0</MinVersion>
    <RealmID>0</RealmID>
    <RaceID>12</RaceID>
    <ClassID>51</ClassID>
    <ClientRegionID>181</ClientRegionID>
  </StartupLocation>
  <StartupLocation>
    <LastTimeRowUpdated>2014-12-28T15:22:07.0597137Z</LastTimeRowUpdated>
    <XPos>420591</XPos>
    <YPos>444523</YPos>
    <ZPos>5952</ZPos>
    <Heading>1627</Heading>
    <Region>181</Region>
    <MinVersion>0</MinVersion>
    <RealmID>0</RealmID>
    <RaceID>12</RaceID>
    <ClassID>54</ClassID>
    <ClientRegionID>181</ClientRegionID>
  </StartupLocation>
  <StartupLocation>
    <LastTimeRowUpdated>2014-12-28T15:22:07.0597137Z</LastTimeRowUpdated>
    <XPos>533554</XPos>
    <YPos>547245</YPos>
    <ZPos>4800</ZPos>
    <Heading>637</Heading>
    <Region>51</Region>
    <MinVersion>0</MinVersion>
    <RealmID>0</RealmID>
    <RaceID>13</RaceID>
    <ClassID>17</ClassID>
    <ClientRegionID>51</ClientRegionID>
  </StartupLocation>
  <StartupLocation>
    <LastTimeRowUpdated>2014-12-28T15:22:07.0597137Z</LastTimeRowUpdated>
    <XPos>535306</XPos>
    <YPos>549073</YPos>
    <ZPos>4800</ZPos>
    <Heading>3128</Heading>
    <Region>51</Region>
    <MinVersion>0</MinVersion>
    <RealmID>0</RealmID>
    <RaceID>13</RaceID>
    <ClassID>20</ClassID>
    <ClientRegionID>51</ClientRegionID>
  </StartupLocation>
  <StartupLocation>
    <LastTimeRowUpdated>2014-12-28T15:22:07.0597137Z</LastTimeRowUpdated>
    <XPos>536754</XPos>
    <YPos>548420</YPos>
    <ZPos>4800</ZPos>
    <Heading>2946</Heading>
    <Region>51</Region>
    <MinVersion>0</MinVersion>
    <RealmID>0</RealmID>
    <RaceID>13</RaceID>
    <ClassID>14</ClassID>
    <ClientRegionID>51</ClientRegionID>
  </StartupLocation>
  <StartupLocation>
    <LastTimeRowUpdated>2014-12-28T15:22:07.0597137Z</LastTimeRowUpdated>
    <XPos>535306</XPos>
    <YPos>549073</YPos>
    <ZPos>4800</ZPos>
    <Heading>3128</Heading>
    <Region>51</Region>
    <MinVersion>0</MinVersion>
    <RealmID>0</RealmID>
    <RaceID>13</RaceID>
    <ClassID>18</ClassID>
    <ClientRegionID>51</ClientRegionID>
  </StartupLocation>
  <StartupLocation>
    <LastTimeRowUpdated>2014-12-28T15:22:07.0597137Z</LastTimeRowUpdated>
    <XPos>288943</XPos>
    <YPos>355677</YPos>
    <ZPos>3866</ZPos>
    <Heading>591</Heading>
    <Region>151</Region>
    <MinVersion>0</MinVersion>
    <RealmID>0</RealmID>
    <RaceID>14</RaceID>
    <ClassID>38</ClassID>
    <ClientRegionID>151</ClientRegionID>
  </StartupLocation>
  <StartupLocation>
    <LastTimeRowUpdated>2014-12-28T15:22:07.0597137Z</LastTimeRowUpdated>
    <XPos>289835</XPos>
    <YPos>355925</YPos>
    <ZPos>3866</ZPos>
    <Heading>3686</Heading>
    <Region>151</Region>
    <MinVersion>0</MinVersion>
    <RealmID>0</RealmID>
    <RaceID>14</RaceID>
    <ClassID>36</ClassID>
    <ClientRegionID>151</ClientRegionID>
  </StartupLocation>
  <StartupLocation>
    <LastTimeRowUpdated>2014-12-28T15:22:07.0597137Z</LastTimeRowUpdated>
    <XPos>287682</XPos>
    <YPos>355297</YPos>
    <ZPos>3488</ZPos>
    <Heading>1536</Heading>
    <Region>151</Region>
    <MinVersion>0</MinVersion>
    <RealmID>0</RealmID>
    <RaceID>14</RaceID>
    <ClassID>35</ClassID>
    <ClientRegionID>151</ClientRegionID>
  </StartupLocation>
  <StartupLocation>
    <LastTimeRowUpdated>2014-12-28T15:22:07.0597137Z</LastTimeRowUpdated>
    <XPos>423984</XPos>
    <YPos>446295</YPos>
    <ZPos>5952</ZPos>
    <Heading>3185</Heading>
    <Region>181</Region>
    <MinVersion>0</MinVersion>
    <RealmID>0</RealmID>
    <RaceID>15</RaceID>
    <ClassID>57</ClassID>
    <ClientRegionID>181</ClientRegionID>
  </StartupLocation>
  <StartupLocation>
    <LastTimeRowUpdated>2014-12-28T15:22:07.0597137Z</LastTimeRowUpdated>
    <XPos>424686</XPos>
    <YPos>445063</YPos>
    <ZPos>5952</ZPos>
    <Heading>3948</Heading>
    <Region>181</Region>
    <MinVersion>0</MinVersion>
    <RealmID>0</RealmID>
    <RaceID>15</RaceID>
    <ClassID>52</ClassID>
    <ClientRegionID>181</ClientRegionID>
  </StartupLocation>
  <StartupLocation>
    <LastTimeRowUpdated>2014-12-28T15:22:07.0597137Z</LastTimeRowUpdated>
    <XPos>422985</XPos>
    <YPos>445853</YPos>
    <ZPos>5952</ZPos>
    <Heading>307</Heading>
    <Region>181</Region>
    <MinVersion>0</MinVersion>
    <RealmID>0</RealmID>
    <RaceID>15</RaceID>
    <ClassID>53</ClassID>
    <ClientRegionID>181</ClientRegionID>
  </StartupLocation>
  <StartupLocation>
    <LastTimeRowUpdated>2014-12-28T15:22:07.0597137Z</LastTimeRowUpdated>
    <XPos>536616</XPos>
    <YPos>549056</YPos>
    <ZPos>4800</ZPos>
    <Heading>68</Heading>
    <Region>51</Region>
    <MinVersion>0</MinVersion>
    <RealmID>0</RealmID>
    <RaceID>16</RaceID>
    <ClassID>15</ClassID>
    <ClientRegionID>51</ClientRegionID>
  </StartupLocation>
  <StartupLocation>
    <LastTimeRowUpdated>2014-12-28T15:22:07.0597137Z</LastTimeRowUpdated>
    <XPos>536754</XPos>
    <YPos>548420</YPos>
    <ZPos>4800</ZPos>
    <Heading>2946</Heading>
    <Region>51</Region>
    <MinVersion>0</MinVersion>
    <RealmID>0</RealmID>
    <RaceID>16</RaceID>
    <ClassID>14</ClassID>
    <ClientRegionID>51</ClientRegionID>
  </StartupLocation>
  <StartupLocation>
    <LastTimeRowUpdated>2014-12-28T15:22:07.0607137Z</LastTimeRowUpdated>
    <XPos>535306</XPos>
    <YPos>549073</YPos>
    <ZPos>4800</ZPos>
    <Heading>3128</Heading>
    <Region>51</Region>
    <MinVersion>0</MinVersion>
    <RealmID>0</RealmID>
    <RaceID>16</RaceID>
    <ClassID>18</ClassID>
    <ClientRegionID>51</ClientRegionID>
  </StartupLocation>
  <StartupLocation>
    <LastTimeRowUpdated>2014-12-28T15:22:07.0607137Z</LastTimeRowUpdated>
    <XPos>288943</XPos>
    <YPos>355677</YPos>
    <ZPos>3866</ZPos>
    <Heading>591</Heading>
    <Region>151</Region>
    <MinVersion>0</MinVersion>
    <RealmID>0</RealmID>
    <RaceID>17</RaceID>
    <ClassID>38</ClassID>
    <ClientRegionID>151</ClientRegionID>
  </StartupLocation>
  <StartupLocation>
    <LastTimeRowUpdated>2014-12-28T15:22:07.0607137Z</LastTimeRowUpdated>
    <XPos>289835</XPos>
    <YPos>355925</YPos>
    <ZPos>3866</ZPos>
    <Heading>3686</Heading>
    <Region>151</Region>
    <MinVersion>0</MinVersion>
    <RealmID>0</RealmID>
    <RaceID>17</RaceID>
    <ClassID>36</ClassID>
    <ClientRegionID>151</ClientRegionID>
  </StartupLocation>
  <StartupLocation>
    <LastTimeRowUpdated>2014-12-28T15:22:07.0607137Z</LastTimeRowUpdated>
    <XPos>288291</XPos>
    <YPos>355562</YPos>
    <ZPos>3488</ZPos>
    <Heading>2241</Heading>
    <Region>151</Region>
    <MinVersion>0</MinVersion>
    <RealmID>0</RealmID>
    <RaceID>17</RaceID>
    <ClassID>37</ClassID>
    <ClientRegionID>151</ClientRegionID>
  </StartupLocation>
  <StartupLocation>
    <LastTimeRowUpdated>2014-12-28T15:22:07.0607137Z</LastTimeRowUpdated>
    <XPos>287682</XPos>
    <YPos>355297</YPos>
    <ZPos>3488</ZPos>
    <Heading>1536</Heading>
    <Region>151</Region>
    <MinVersion>0</MinVersion>
    <RealmID>0</RealmID>
    <RaceID>17</RaceID>
    <ClassID>35</ClassID>
    <ClientRegionID>151</ClientRegionID>
  </StartupLocation>
  <StartupLocation>
    <LastTimeRowUpdated>2014-12-28T15:22:07.0607137Z</LastTimeRowUpdated>
    <XPos>424686</XPos>
    <YPos>445063</YPos>
    <ZPos>5952</ZPos>
    <Heading>3948</Heading>
    <Region>181</Region>
    <MinVersion>0</MinVersion>
    <RealmID>0</RealmID>
    <RaceID>18</RaceID>
    <ClassID>52</ClassID>
    <ClientRegionID>181</ClientRegionID>
  </StartupLocation>
  <StartupLocation>
    <LastTimeRowUpdated>2014-12-28T15:22:07.0607137Z</LastTimeRowUpdated>
    <XPos>422268</XPos>
    <YPos>442821</YPos>
    <ZPos>5952</ZPos>
    <Heading>637</Heading>
    <Region>181</Region>
    <MinVersion>0</MinVersion>
    <RealmID>0</RealmID>
    <RaceID>18</RaceID>
    <ClassID>51</ClassID>
    <ClientRegionID>181</ClientRegionID>
  </StartupLocation>
  <StartupLocation>
    <LastTimeRowUpdated>2014-12-28T15:22:07.0607137Z</LastTimeRowUpdated>
    <XPos>420591</XPos>
    <YPos>444523</YPos>
    <ZPos>5952</ZPos>
    <Heading>1627</Heading>
    <Region>181</Region>
    <MinVersion>0</MinVersion>
    <RealmID>0</RealmID>
    <RaceID>18</RaceID>
    <ClassID>54</ClassID>
    <ClientRegionID>181</ClientRegionID>
  </StartupLocation>
  <StartupLocation>
    <LastTimeRowUpdated>2014-12-28T15:22:07.0607137Z</LastTimeRowUpdated>
    <XPos>535306</XPos>
    <YPos>549073</YPos>
    <ZPos>4800</ZPos>
    <Heading>3128</Heading>
    <Region>51</Region>
    <MinVersion>0</MinVersion>
    <RealmID>0</RealmID>
    <RaceID>19</RaceID>
    <ClassID>14</ClassID>
    <ClientRegionID>51</ClientRegionID>
  </StartupLocation>
  <StartupLocation>
    <LastTimeRowUpdated>2014-12-28T15:22:07.0607137Z</LastTimeRowUpdated>
    <XPos>535306</XPos>
    <YPos>549073</YPos>
    <ZPos>4800</ZPos>
    <Heading>3128</Heading>
    <Region>51</Region>
    <MinVersion>0</MinVersion>
    <RealmID>0</RealmID>
    <RaceID>19</RaceID>
    <ClassID>16</ClassID>
    <ClientRegionID>51</ClientRegionID>
  </StartupLocation>
  <StartupLocation>
    <LastTimeRowUpdated>2014-12-28T15:22:07.0607137Z</LastTimeRowUpdated>
    <XPos>287682</XPos>
    <YPos>355297</YPos>
    <ZPos>3488</ZPos>
    <Heading>1536</Heading>
    <Region>151</Region>
    <MinVersion>0</MinVersion>
    <RealmID>0</RealmID>
    <RaceID>20</RaceID>
    <ClassID>35</ClassID>
    <ClientRegionID>151</ClientRegionID>
  </StartupLocation>
  <StartupLocation>
    <LastTimeRowUpdated>2014-12-28T15:22:07.0607137Z</LastTimeRowUpdated>
    <XPos>287682</XPos>
    <YPos>355297</YPos>
    <ZPos>3488</ZPos>
    <Heading>1536</Heading>
    <Region>151</Region>
    <MinVersion>0</MinVersion>
    <RealmID>0</RealmID>
    <RaceID>20</RaceID>
    <ClassID>37</ClassID>
    <ClientRegionID>151</ClientRegionID>
  </StartupLocation>
  <StartupLocation>
    <LastTimeRowUpdated>2014-12-28T15:22:07.0607137Z</LastTimeRowUpdated>
    <XPos>422985</XPos>
    <YPos>445853</YPos>
    <ZPos>5952</ZPos>
    <Heading>307</Heading>
    <Region>181</Region>
    <MinVersion>0</MinVersion>
    <RealmID>0</RealmID>
    <RaceID>21</RaceID>
    <ClassID>53</ClassID>
    <ClientRegionID>181</ClientRegionID>
  </StartupLocation>
  <StartupLocation>
    <LastTimeRowUpdated>2014-12-28T15:22:07.0607137Z</LastTimeRowUpdated>
    <XPos>422985</XPos>
    <YPos>445853</YPos>
    <ZPos>5952</ZPos>
    <Heading>307</Heading>
    <Region>181</Region>
    <MinVersion>0</MinVersion>
    <RealmID>0</RealmID>
    <RaceID>21</RaceID>
    <ClassID>52</ClassID>
    <ClientRegionID>181</ClientRegionID>
  </StartupLocation>
</ArrayOfStartupLocation>